{
  "rouge-1": 0.36363636363636365, 
  "rouge-2": 0.1, 
  "rouge-l": 0.36363636363636365
}